2019/05/24,764,62
2019/05/23,766,83
2019/05/22,,777,97
2019/05/21,775,17
2019/05/20,777,07
2019/05/17,782,72
2019/05/16,787,19
2019/05/15,781,88
2019/05/14,786,50
2019/05/13,790,81
2019/05/10,794,02
2019/05/09,790,40
2019/05/07,804,73
2019/05/06,807,76
2019/05/03,809,38
2019/05/02,806,46
2019/04/30,807,77
2019/04/29,809,98
2019/04/26,810,17
2019/04/25,814,50
2019/04/24,815,26
2019/04/23,814,81
2019/04/18,811,02
2019/04/17,808,14
2019/04/16,803,31
2019/04/15,793,80
2019/04/12,797,88
2019/04/11,797,90
2019/04/10,798,06
2019/04/09,797,11
2019/04/08,792,44
2019/04/05,793,23
2019/04/04,791,52
2019/04/03,790,38
2019/04/02,775,17
2019/04/01,777,73
2019/03/29,775,35
2019/03/28,774,11
2019/03/27,774,93
2019/03/26,766,46
2019/03/25,759,03
2019/03/22,771,68
2019/03/20,770,40
2019/03/19,771,68
2019/03/18,766,04
2019/03/15,761,95
2019/03/14,757,71
2019/03/13,746,17
2019/03/12,745,50
2019/03/11,743,80
2019/03/08,746,92
2019/03/07,753,92
2019/03/06,756,77
2019/03/05,755,43
2019/03/04,758,91
2019/03/01,758,56
2019/02/28,750,76
2019/02/27,744,71
2019/02/26,742,12
2019/02/25,735,31
2019/02/22,738,69
2019/02/21,741,13
2019/02/20,739,82
2019/02/19,731,98
2019/02/18,733,63
2019/02/15,728,14
2019/02/14,732,56
2019/02/13,722,63
2019/02/12,723,67
2019/02/11,725,21
2019/02/08,727,55
2019/02/07,727,79
2019/02/06,739,74
2019/02/05,731,46
2019/02/04,730,70
2019/02/01,724,62
2019/01/31,729,83
2019/01/30,730,91
2019/01/29,730,30
2019/01/28,732,56
2019/01/25,731,86
2019/01/24,728,21
2019/01/23,729,91
2019/01/22,729,83
2019/01/21,729,97
2019/01/18,723,81
2019/01/17,726,13
2019/01/16,721,90
2019/01/15,720,16
2019/01/14,720,61
2019/01/11,725,87
2019/01/10,716,59
2019/01/09,711,04
2019/01/08,704,32
2019/01/07,704,73
2019/01/04,702,57
2019/01/03,700,81
2019/01/02,699,32
2018/12/31,719,82
2018/12/28,713,95
2018/12/27,702,43
2018/12/24,712,49
2018/12/21,712,49
2018/12/20,706,49
2018/12/19,707,54
2018/12/18,697,87
2018/12/14,702,40
2018/12/13,709,28
2018/12/12,707,83
2018/12/11,704,75
2018/12/10,700,05
2018/12/07,709,41
2018/12/06,702,44
2018/12/05,709,36
2018/12/04,719,32
2018/12/03,719,44
2018/11/30,707,69
2018/11/29,710,05
2018/11/28,713,44
2018/11/27,712,65
2018/11/26,713,79
2018/11/23,703,33
2018/11/22,710,89
2018/11/21,710,38
2018/11/20,714,12
2018/11/19,721,36
2018/11/16,718,36
2018/11/15,713,40
2018/11/14,709,15
2018/11/13,711,96
2018/11/12,713,47
2018/11/09,718,18
2018/11/08,728,12
2018/11/07,729,57
2018/11/06,720,83
2018/11/05,728,13
2018/11/02,725,52
2018/11/01,706,80
2018/10/31,698,52
2018/10/30,681,76
2018/10/29,683,65
2018/10/26,682,45
2018/10/25,689,73
2018/10/24,689,01
2018/10/23,687,98
2018/10/22,699,90
2018/10/19,697,22
2018/10/18,692,62
2018/10/17,701,69
2018/10/16,699,94
2018/10/15,699,74
2018/10/12,701,76
2018/10/11,686,12
2018/10/10,703,48
2018/10/09,707,25
2018/10/08,708,15
2018/10/05,713,73
2018/10/04,719,44
2018/10/03,723,27
2018/10/02,725,81
2018/10/01,726,78
2018/09/28,725,43
2018/09/27,728,80
2018/09/26,735,46
2018/09/25,731,18
2018/09/21,733,36
2018/09/20,723,72
2018/09/19,720,39
2018/09/18,717,73
2018/09/17,711,77
2018/09/14,719,65
2018/09/13,711,56
2018/09/12,711,86
2018/09/11,712,35
2018/09/10,725,20
2018/09/07,727,86
2018/09/06,731,13
2018/09/05,734,43
2018/09/04,741,43
2018/09/03,746,37
2018/08/31,739,43
2018/08/30,748,23
2018/08/29,747,67
2018/08/28,744,42
2018/08/27,740,03
2018/08/24,733,24
2018/08/23,730,42
2018/08/22,728,53
2018/08/21,720,58
2018/08/20,720,19
2018/08/17,717,33
2018/08/16,710,98
2018/08/15,712,26
2018/08/14,719,34
2018/08/13,728,63
2018/08/10,728,19
2018/08/08,729,41
2018/08/07,726,18
2018/08/06,723,27
2018/08/03,723,30
2018/08/02,722,14
2018/08/01,726,90
2018/07/31,723,29
2018/07/30,722,89
2018/07/27,720,05
2018/07/26,717,60
2018/07/25,718,61
2018/07/24,718,56
2018/07/23,715,87
2018/07/20,717,04
2018/07/19,715,96
2018/07/18,713,77
2018/07/17,712,89
2018/07/16,710,44
2018/07/13,719,89
2018/07/12,722,04
2018/07/11,726,57
2018/07/10,732,28
2018/07/09,734,15
2018/07/06,722,57
2018/07/05,726,39
2018/07/04,725,27
2018/07/03,722,66
2018/07/02,722,40
2018/06/29,736,38
2018/06/28,719,93
2018/06/27,718,30
2018/06/26,721,57
2018/06/25,726,36
2018/06/22,733,10
2018/06/21,732,07
2018/06/20,737,53
2018/06/19,729,49
2018/06/18,733,48
2018/06/15,739,63
2018/06/14,737,23
2018/06/13,739,46
2018/06/12,735,88
2018/06/11,732,21
2018/06/08,733,89
2018/06/07,736,76
2018/06/06,729,23
2018/06/05,724,90
2018/06/04,725,06
2018/06/01,723,17
2018/05/31,716,90
2018/05/30,708,05
2018/05/29,716,71
2018/05/28,721,64
2018/05/25,725,30
2018/05/24,728,43
2018/05/23,734,95
2018/05/22,745,02
2018/05/21,746,30
2018/05/18,745,03
2018/05/17,740,21
2018/05/16,741,67
2018/05/15,740,91
2018/05/14,736,69
2018/05/11,733,82
2018/05/10,732,09
2018/05/09,736,79
2018/05/08,739,22
2018/05/07,737,19
2018/05/04,733,56
2018/05/03,737,28
2018/05/02,736,60
2018/04/30,732,42
2018/04/26,723,11
2018/04/25,723,27
2018/04/24,729,90
2018/04/23,729,07
2018/04/20,724,92
2018/04/19,730,02
2018/04/18,719,46
2018/04/17,712,63
2018/04/16,711,92
2018/04/13,715,76
2018/04/12,712,69
2018/04/11,712,08
2018/04/10,713,46
2018/04/09,706,34
2018/04/06,708,44
2018/04/05,704,45
2018/04/04,692,24
2018/04/03,702,97
2018/03/29,705,88
2018/03/28,702,92
2018/03/27,715,32
2018/03/26,713,73
2018/03/23,726,96
2018/03/22,737,73
2018/03/20,744,87
2018/03/19,747,58
2018/03/16,749,34
2018/03/15,751,40
2018/03/14,750,23
2018/03/13,758,37
2018/03/12,758,31
2018/03/09,750,90
2018/03/08,749,62
2018/03/07,748,16
2018/03/06,747,33
2018/03/05,737,16
2018/03/02,742,21
2018/03/01,748,00
2018/02/28,750,75
2018/02/27,752,82
2018/02/26,752,18
2018/02/23,750,55
2018/02/22,750,06
2018/02/21,752,54
2018/02/20,751,04
2018/02/19,755,75
2018/02/16,755,57
2018/02/15,756,74
2018/02/14,740,24
2018/02/13,738,07
2018/02/12,727,99
2018/02/09,725,22
2018/02/08,743,17
2018/02/07,738,99
2018/02/06,732,87
2018/02/05,749,16
2018/02/02,769,95
2018/02/01,778,69
2018/01/31,778,43
2018/01/30,777,19
2018/01/29,789,50
2018/01/26,790,13
2018/01/25,792,04
2018/01/24,789,63
2018/01/23,795,80
2018/01/22,795,58
2018/01/19,789,53
2018/01/18,787,44
2018/01/17,794,52
2018/01/16,793,39
2018/01/15,788,29
2018/01/12,785,59
2018/01/11,782,00
2018/01/10,785,46
2018/01/09,781,11
2018/01/08,781,07
2018/01/05,781,12
2018/01/04,775,23
2018/01/03,775,62
2018/01/02,773,90
2017/12/29,770,13
2017/12/28,763,25
2017/12/27,761,10
2017/12/22,768,62
2017/12/21,763,30
2017/12/20,761,01
2017/12/19,761,02
2017/12/18,756,04
2017/12/15,757,65
2017/12/14,752,37
2017/12/13,755,85
2017/12/12,758,36
2017/12/11,760,67
2017/12/08,759,19
2017/12/07,757,18
2017/12/06,755,49
2017/12/05,769,28
2017/12/04,776,52
2017/12/01,780,06
2017/11/30,780,86
2017/11/29,783,00
2017/11/28,779,29
2017/11/27,781,72
2017/11/24,786,93
2017/11/23,785,35
2017/11/22,787,28
2017/11/21,789,28
2017/11/20,784,45
2017/11/17,784,24
2017/11/16,787,97
2017/11/15,791,04
2017/11/14,795,26
2017/11/13,801,67
2017/11/10,803,09
2017/11/09,799,05
2017/11/08,796,92
2017/11/07,804,26
2017/11/06,799,26
2017/11/03,796,32
2017/11/02,792,63
2017/11/01,796,83
2017/10/31,791,74
2017/10/30,785,33
2017/10/27,782,76
2017/10/26,786,00
2017/10/25,776,28
2017/10/24,768,06
2017/10/23,769,40
2017/10/20,769,99
2017/10/19,759,60
2017/10/18,763,56
2017/10/17,759,33
2017/10/16,759,62
2017/10/13,754,73
2017/10/12,758,13
2017/10/11,760,10
2017/10/10,758,64
2017/10/09,761,06
2017/10/06,758,65
2017/10/05,753,78
2017/10/04,751,46
2017/10/03,751,28
2017/10/02,744,79
2017/09/29,742,45
2017/09/28,736,14
2017/09/27,736,68
2017/09/26,731,80
2017/09/22,736,66
2017/09/21,741,90
2017/09/20,739,26
2017/09/19,741,22
2017/09/18,744,14
2017/09/15,740,09
2017/09/14,743,28
2017/09/13,746,42
2017/09/12,746,39
2017/09/11,742,88
2017/09/08,742,48
2017/09/07,739,75
2017/09/06,741,92
2017/09/05,745,56
2017/09/04,745,64
2017/09/01,744,52
2017/08/31,746,90
2017/08/30,741,35
2017/08/29,738,35
2017/08/28,743,10
2017/08/25,744,69
2017/08/24,741,35
2017/08/23,738,39
2017/08/22,737,46
2017/08/21,734,08
2017/08/18,733,04
2017/08/17,734,26
2017/08/16,732,52
2017/08/15,732,76
2017/08/14,735,44
2017/08/11,736,79
2017/08/10,742,77
2017/08/08,740,72
2017/08/07,744,52
2017/08/04,746,38
2017/08/03,742,07
2017/08/02,743,86
2017/08/01,742,11
2017/07/31,741,54
2017/07/28,729,69
2017/07/27,731,33
2017/07/26,730,24
2017/07/25,727,19
2017/07/24,724,31
2017/07/21,726,18
2017/07/20,726,08
2017/07/19,723,26
2017/07/18,720,00
2017/07/17,719,69
2017/07/14,717,57
2017/07/13,718,93
2017/07/12,716,32
2017/07/11,714,08
2017/07/10,708,68
2017/07/07,706,57
2017/07/06,712,19
2017/07/05,710,59
2017/07/04,707,54
2017/07/03,709,58
2017/06/30,706,53
2017/06/29,704,44
2017/06/28,702,07
2017/06/27,699,57
2017/06/26,697,94
2017/06/23,697,68
2017/06/22,695,75
2017/06/21,698,41
2017/06/20,703,60
2017/06/19,705,00
2017/06/15,695,06
2017/06/14,704,06
2017/06/13,701,34
2017/06/12,702,28
2017/06/09,704,47
2017/06/08,696,72
2017/06/07,701,27
2017/06/06,704,19
2017/06/05,702,12
2017/06/02,702,20
2017/06/01,700,53
2017/05/31,708,93
2017/05/30,709,89
2017/05/29,705,07
2017/05/26,705,11
2017/05/25,711,71
2017/05/24,712,39
2017/05/24,712,39
2017/05/23,720,80
2017/05/22,721,21
2017/05/19,719,74
2017/05/18,720,80
2017/05/17,717,16
2017/05/16,715,35
2017/05/15,719,00
2017/05/12,721,96
2017/05/11,721,57
2017/05/10,725,78
2017/05/09,727,80
2017/05/08,722,29
2017/05/05,722,01
2017/05/04,721,66
2017/05/03,721,73
2017/05/02,726,20
2017/04/28,726,00
2017/04/26,717,83
2017/04/25,717,33
2017/04/24,711,32
2017/04/21,713,13
2017/04/20,711,39
2017/04/19,715,93
2017/04/18,717,46
2017/04/13,725,12
2017/04/12,730,40
2017/04/11,733,47
2017/04/10,732,25
2017/04/07,725,13
2017/04/06,727,76
2017/04/05,729,27
2017/04/04,727,32
2017/04/03,717,43
2017/03/31,713,00
2017/03/30,706,81
2017/03/29,710,12
2017/03/28,708,81
2017/03/27,694,42
2017/03/24,693,25
2017/03/23,697,17
2017/03/22,698,63
2017/03/20,705,62
2017/03/17,704,19
2017/03/16,702,47
2017/03/15,694,15
2017/03/14,698,94
2017/03/13,699,09
2017/03/10,696,29
2017/03/09,691,35
2017/03/08,696,40
2017/03/07,696,12
2017/03/06,702,87
2017/03/03,702,28
2017/03/02,707,18
2017/03/01,702,69
2017/02/28,698,90
2017/02/27,698,08
2017/02/24,697,19
2017/02/23,702,49
2017/02/22,706,70
2017/02/21,710,34
2017/02/20,710,01
2017/02/17,707,34
2017/02/16,706,01
2017/02/15,705,79
2017/02/14,709,79
2017/02/13,718,24
2017/02/10,710,52
2017/02/09,706,95
2017/02/08,704,84
2017/02/07,703,51
2017/02/06,704,38
2017/02/03,704,25
2017/02/02,708,93
2017/02/01,705,57
2017/01/31,700,11
2017/01/30,700,03
2017/01/27,702,69
2017/01/26,705,11
2017/01/25,701,95
2017/01/24,696,29
2017/01/23,697,18
2017/01/20,694,11
2017/01/19,694,78
2017/01/18,696,60
2017/01/17,695,65
2017/01/16,696,39
2017/01/13,692,21
2017/01/12,691,27
2017/01/11,690,78
2017/01/10,683,63
2017/01/09,678,06
2017/01/06,681,48
2017/01/05,675,77
2017/01/04,673,00
2017/01/03,671,44
2016/12/30,672,32
2016/12/29,669,11
2016/12/28,668,42
2016/12/23,662,06
2016/12/22,667,21
2016/12/21,666,92
2016/12/20,668,21
2016/12/19,666,13
2016/12/15,661,63
2016/12/14,665,18
2016/12/13,662,45
2016/12/12,666,43
2016/12/09,669,44
2016/12/08,665,32
2016/12/07,654,30
2016/12/06,652,97
2016/12/05,659,71
2016/12/02,656,79
2016/12/01,661,57
2016/11/30,664,16
2016/11/29,664,73
2016/11/28,664,49
2016/11/25,668,01
2016/11/24,669,12
2016/11/23,673,84
2016/11/22,677,80
2016/11/21,672,29
2016/11/18,675,88
2016/11/17,668,77
2016/11/16,664,07
2016/11/15,656,34
2016/11/14,660,84
2016/11/11,665,56
2016/11/10,672,11
2016/11/09,656,97
2016/11/08,657,08
2016/11/07,651,91
2016/11/04,648,77
2016/11/03,656,70
2016/11/02,658,36
2016/11/01,667,44
2016/10/31,662,32
2016/10/28,668,92
2016/10/27,674,01
2016/10/26,676,06
2016/10/25,681,11
2016/10/24,682,65
2016/10/21,683,32
2016/10/20,682,22
2016/10/19,682,98
2016/10/18,679,97
2016/10/17,678,85
2016/10/14,679,81
2016/10/13,678,08
2016/10/12,688,13
2016/10/11,689,53
2016/10/10,684,88
2016/10/07,684,73
2016/10/06,690,05
2016/10/05,685,96
2016/10/04,688,81
2016/10/03,689,52
2016/09/30,690,53
2016/09/29,696,74
2016/09/28,685,37
2016/09/27,676,09
2016/09/26,681,50
2016/09/23,688,11
2016/09/22,685,87
2016/09/21,680,19
2016/09/20,684,74
2016/09/19,691,09
2016/09/16,693,37
2016/09/15,697,27
2016/09/14,696,50
2016/09/13,702,16
2016/09/12,701,31
2016/09/09,711,83
2016/09/08,703,26
2016/09/07,703,94
2016/09/06,704,64
2016/09/05,703,06
2016/09/02,700,67
2016/09/01,699,79
2016/08/31,697,60
2016/08/30,700,00
2016/08/29,697,57
2016/08/26,691,76
2016/08/25,691,06
2016/08/24,682,41
2016/08/23,682,46
2016/08/22,680,00
2016/08/19,680,61
2016/08/18,681,15
2016/08/17,677,94
2016/08/16,678,77
2016/08/15,679,11
2016/08/12,681,39
2016/08/11,675,53
2016/08/10,678,48
2016/08/08,675,40
2016/08/05,675,87
2016/08/04,679,76
2016/08/02,680,09
2016/08/01,682,85
2016/07/29,681,71
2016/07/28,686,57
2016/07/27,688,19
2016/07/26,683,70
2016/07/25,679,54
2016/07/22,675,67
2016/07/21,674,29
2016/07/20,671,21
2016/07/19,672,53
2016/07/18,672,76
2016/07/15,672,06
2016/07/14,668,45
2016/07/13,666,73
2016/07/12,663,44
2016/07/11,658,26
2016/07/08,650,83
2016/07/07,650,47
2016/07/06,649,44
2016/07/05,660,07
2016/07/04,667,67
2016/07/01,663,38
2016/06/30,666,70
2016/06/29,657,29
2016/06/28,653,55
2016/06/27,644,62
2016/06/24,655,28
2016/06/23,676,00
2016/06/22,673,48
2016/06/21,666,32
2016/06/20,668,49
2016/06/17,661,09
2016/06/16,657,60
2016/06/15,657,60
2016/06/14,657,71
2016/06/13,668,68
2016/06/10,673,60
2016/06/09,674,31
2016/06/08,680,14
2016/06/07,679,68
2016/06/06,678,49
2016/06/03,681,03
2016/06/02,678,87
2016/06/01,675,51
2016/05/31,677,52
2016/05/30,681,27
2016/05/27,678,27
2016/05/26,684,47
2016/05/25,677,48
2016/05/24,672,65
2016/05/23,664,76
2016/05/20,671,27
2016/05/19,664,79
2016/05/18,665,03
2016/05/17,660,25
2016/05/16,660,19
2016/05/13,650,01
2016/05/12,656,18
2016/05/11,658,32
2016/05/10,651,59
2016/05/09,653,93
2016/05/06,653,29
2016/05/05,656,99
2016/05/04,653,49
2016/05/03,659,72
2016/04/29,668,68
2016/04/28,672,81
2016/04/26,671,03
2016/04/25,669,24
2016/04/22,669,05
2016/04/21,675,05
2016/04/20,668,10
2016/04/19,662,07
2016/04/18,660,50
2016/04/15,659,30
2016/04/14,663,34
2016/04/13,662,37
2016/04/12,651,06
2016/04/11,646,90
2016/04/08,643,70
2016/04/07,640,33
2016/04/06,639,86
2016/04/05,638,14
2016/04/04,645,77
2016/04/01,642,13
2016/03/31,651,19
2016/03/30,651,10
2016/03/29,640,84
2016/03/24,643,12
2016/03/23,650,77
2016/03/22,653,46
2016/03/18,658,89
2016/03/17,654,24
2016/03/16,641,74
2016/03/15,638,73
2016/03/14,638,49
2016/03/11,630,06
2016/03/10,638,28
2016/03/09,642,22
2016/03/08,652,98
2016/03/07,651,70
2016/03/04,641,74
2016/03/03,631,77
2016/03/02,619,66
2016/03/01,609,50
2016/02/29,601,68
2016/02/26,598,58
2016/02/25,592,31
2016/02/24,588,78
2016/02/23,594,42
2016/02/22,598,98
2016/02/19,601,33
2016/02/18,610,96
2016/02/17,606,23
2016/02/16,599,37
2016/02/15,600,00
2016/02/12,590,26
2016/02/11,579,86
2016/02/10,592,63
2016/02/09,592,38
2016/02/08,593,51
2016/02/05,597,54
2016/02/04,590,95
2016/02/03,574,99
2016/02/02,579,49
2016/02/01,581,34
2016/01/29,587,79
2016/01/28,572,90
2016/01/27,564,60
2016/01/26,556,88
2016/01/25,555,46
2016/01/22,555,19
2016/01/21,542,13
2016/01/20,548,21
2016/01/19,564,14
2016/01/18,553,87
2016/01/15,557,46
2016/01/14,564,02
2016/01/13,574,10
2016/01/12,573,21
2016/01/11,567,20
2016/01/08,568,07
2016/01/07,567,71
2016/01/06,581,66
2016/01/05,588,21
2016/01/04,590,34
2015/12/31,607,26
2015/12/30,607,72
2015/12/29,609,40
2015/12/28,609,15
2015/12/24,610,93
2015/12/23,604,08
2015/12/22,588,73
2015/12/21,584,11
2015/12/18,580,96
2015/12/17,585,55
2015/12/15,575,66
2015/12/14,580,76
2015/12/11,572,02
2015/12/10,585,22
2015/12/09,592,83
2015/12/08,590,05
2015/12/07,602,94
2015/12/04,598,41
2015/12/03,606,57
2015/12/02,614,37
2015/12/01,617,28
2015/11/30,618,85
2015/11/27,623,78
2015/11/26,626,76
2015/11/25,619,25
2015/11/24,618,29
2015/11/23,622,66
2015/11/20,623,13
2015/11/19,621,56
2015/11/18,612,15
2015/11/17,616,95
2015/11/16,617,85
2015/11/13,616,08
2015/11/12,625,89
2015/11/11,632,83
2015/11/10,636,24
2015/11/09,642,21
2015/11/06,644,98
2015/11/05,649,51
2015/11/04,657,21
2015/11/03,651,58
2015/11/02,648,42
2015/10/30,649,16
2015/10/29,643,02
2015/10/28,649,00
2015/10/27,649,40
2015/10/26,656,38
2015/10/23,654,01
2015/10/22,648,54
2015/10/21,646,13
2015/10/20,638,98
2015/10/19,643,45
2015/10/16,645,22
2015/10/15,645,34
2015/10/14,643,22
2015/10/13,641,34
2015/10/12,650,92
2015/10/09,654,56
2015/10/08,640,80
2015/10/07,641,88
2015/10/06,635,16
2015/10/05,626,78
2015/10/02,617,78
2015/10/01,610,95
2015/09/30,603,21
2015/09/29,604,36
2015/09/28,606,73
2015/09/25,616,94
2015/09/23,616,69
2015/09/22,613,69
2015/09/21,623,24
2015/09/18,623,16
2015/09/17,630,49
2015/09/16,625,02
2015/09/15,622,73
2015/09/14,621,87
2015/09/11,623,84
2015/09/10,625,50
2015/09/09,633,44
2015/09/08,633,14
2015/09/07,629,12
2015/09/04,631,64
2015/09/03,634,00
2015/09/02,625,62
2015/09/01,623,90
2015/08/31,632,72
2015/08/28,626,62
2015/08/27,616,31
2015/08/26,615,52
2015/08/25,619,60
2015/08/24,605,63
2015/08/21,624,87
2015/08/20,629,62
2015/08/19,625,67
2015/08/18,629,43
2015/08/17,631,00
2015/08/14,633,86
2015/08/13,635,43
2015/08/12,634,24
2015/08/11,643,11
2015/08/07,639,90
2015/08/06,638,72
2015/08/05,643,26
2015/08/04,639,81
2015/08/03,639,86
2015/07/31,641,40
2015/07/30,638,00
2015/07/29,631,63
2015/07/28,634,29
2015/07/27,638,46
2015/07/24,642,69
2015/07/23,649,02
2015/07/22,644,79
2015/07/21,651,75
2015/07/20,653,26
2015/07/17,655,26
2015/07/16,653,78
2015/07/15,655,36
2015/07/14,652,84
2015/07/13,647,24
2015/07/10,647,53
2015/07/09,646,92
2015/07/08,638,59
2015/07/07,649,51
2015/07/06,652,28
2015/07/03,657,55
2015/07/02,657,72
2015/07/01,654,11
2015/06/30,660,16
2015/06/29,658,60
2015/06/26,663,69
2015/06/25,667,60
2015/06/24,664,79
2015/06/23,665,45
2015/06/22,665,91
2015/06/19,662,51
2015/06/18,664,20
2015/06/17,662,21
2015/06/15,666,86
2015/06/12,674,47
2015/06/11,673,91
2015/06/10,672,65
2015/06/09,671,67
2015/06/08,674,26
2015/06/05,670,79
2015/06/04,672,52
2015/06/03,676,90
2015/06/02,674,43
2015/06/01,674,75
2015/05/29,677,88
2015/05/28,680,25
2015/05/27,675,56
2015/05/26,679,64
2015/05/25,684,17
2015/05/22,685,98
2015/05/21,685,09
2015/05/20,688,32
2015/05/19,684,48
2015/05/18,686,38
2015/05/15,684,82
2015/05/14,684,78
2015/05/13,687,40
2015/05/12,684,83
2015/05/11,684,29
2015/05/08,682,77
2015/05/07,680,31
2015/05/06,688,97
2015/05/05,692,46
2015/05/04,686,85
2015/04/30,683,48
2015/04/29,686,84
2015/04/28,693,80
2015/04/24,687,75
2015/04/23,680,87
2015/04/22,676,47
2015/04/21,675,38
2015/04/20,672,28
2015/04/17,674,26
2015/04/16,678,04
2015/04/15,671,84
2015/04/14,669,50
2015/04/13,673,73
2015/04/10,668,22
2015/04/09,662,68
2015/04/08,661,78
2015/04/07,658,86
2015/04/02,658,18
2015/04/01,657,29
2015/03/31,656,33
2015/03/30,653,71
2015/03/27,650,30
2015/03/26,653,20
2015/03/25,657,53
2015/03/24,664,63
2015/03/23,663,87
2015/03/20,662,11
2015/03/19,664,32
2015/03/18,657,55
2015/03/17,657,25
2015/03/16,657,10
2015/03/13,655,12
2015/03/12,654,82
2015/03/11,655,14
2015/03/10,658,36
2015/03/09,665,51
2015/03/06,668,59
2015/03/05,667,55
2015/03/04,670,54
2015/03/03,669,84
2015/03/02,671,93
2015/02/27,670,57
2015/02/26,672,40
2015/02/25,671,99
2015/02/24,674,15
2015/02/23,673,67
2015/02/20,671,82
2015/02/19,669,36
2015/02/18,668,00
2015/02/17,672,04
2015/02/16,673,33
2015/02/13,669,58
2015/02/12,665,93
2015/02/11,662,74
2015/02/10,663,18
2015/02/09,662,26
2015/02/06,663,20
2015/02/05,664,10
2015/02/04,662,98
2015/02/03,663,28
2015/02/02,655,58
2015/01/30,656,30
2015/01/29,655,98
2015/01/28,660,19
2015/01/27,654,90
2015/01/26,649,29
2015/01/23,651,40
2015/01/22,655,34
2015/01/21,651,32
2015/01/20,651,48
2015/01/19,644,54
2015/01/16,638,74
2015/01/15,641,58
2015/01/14,640,29
2015/01/13,648,25
2015/01/12,647,12
2015/01/09,648,15
2015/01/08,648,91
2015/01/07,650,27
2015/01/06,646,73
2015/01/05,645,92
2015/01/02,654,89
2014/12/31,656,37
2014/12/30,656,13
2014/12/29,657,70
2014/12/24,651,63
2014/12/23,650,48
2014/12/22,649,31
2014/12/19,646,18
2014/12/18,643,14
2014/12/17,633,11
2014/12/15,634,12
2014/12/12,632,87
2014/12/11,637,18
2014/12/10,641,43
2014/12/09,642,53
2014/12/08,643,86
2014/12/05,644,95
2014/12/04,643,85
2014/12/03,641,55
2014/12/02,638,00
2014/12/01,632,33
2014/11/28,645,20
2014/11/27,648,97
2014/11/26,646,74
2014/11/25,649,78
2014/11/24,651,49
2014/11/21,649,93
2014/11/20,639,67
2014/11/19,645,61
2014/11/18,642,85
2014/11/17,641,43
2014/11/14,641,14
2014/11/13,647,07
2014/11/12,649,65
2014/11/11,648,63
2014/11/10,649,53
2014/11/07,644,51
2014/11/06,640,29
2014/11/05,642,42
2014/11/04,644,80
2014/11/03,643,86
2014/10/31,638,27
2014/10/30,632,57
2014/10/29,634,56
2014/10/28,632,56
2014/10/27,627,09
2014/10/24,627,80
2014/10/23,627,97
2014/10/22,630,44
2014/10/21,629,48
2014/10/20,628,05
2014/10/17,623,70
2014/10/16,612,98
2014/10/15,619,71
2014/10/14,624,47
2014/10/13,624,11
2014/10/10,624,92
2014/10/09,634,26
2014/10/08,637,66
2014/10/07,641,34
2014/10/06,640,34
2014/10/03,636,58
2014/10/02,639,58
2014/10/01,646,99
2014/09/30,649,33
2014/09/29,649,04
2014/09/26,651,35
2014/09/25,654,36
2014/09/23,654,85
2014/09/22,665,00
2014/09/19,671,40
2014/09/18,667,38
2014/09/17,668,08
2014/09/16,666,35
2014/09/15,667,64
2014/09/12,668,88
2014/09/11,671,76
2014/09/10,674,08
2014/09/09,675,55
2014/09/08,676,47
2014/09/05,674,01
2014/09/04,677,15
2014/09/03,677,21
2014/09/02,676,77
2014/09/01,675,90
2014/08/29,675,31
2014/08/28,674,38
2014/08/27,677,77
2014/08/26,675,23
2014/08/25,672,29
2014/08/22,673,50
2014/08/21,673,06
2014/08/20,671,58
2014/08/19,674,03
2014/08/18,672,12
2014/08/15,669,47
2014/08/14,669,21
2014/08/13,670,19
2014/08/12,673,58
2014/08/11,673,16
2014/08/08,669,90
2014/08/07,668,76
2014/08/06,669,36
2014/08/05,673,15
2014/08/04,673,33
2014/08/01,673,67
2014/07/31,677,85
2014/07/30,681,62
2014/07/29,682,63
2014/07/28,681,05
2014/07/25,679,43
2014/07/24,677,56
2014/07/23,677,06
2014/07/22,679,81
2014/07/21,676,65
2014/07/18,676,29
2014/07/17,678,04
2014/07/16,681,24
2014/07/15,677,96
2014/07/14,674,80
2014/07/11,673,30
2014/07/10,670,91
2014/07/09,677,90
2014/07/08,683,67
2014/07/07,683,82
2014/07/04,684,26
2014/07/03,684,01
2014/07/02,680,01
2014/07/01,676,92
2014/06/30,673,57
2014/06/27,672,49
2014/06/26,673,70
2014/06/25,671,24
2014/06/24,680,96
2014/06/23,683,37
2014/06/20,684,34
2014/06/19,681,70
2014/06/18,680,75
2014/06/17,679,48
2014/06/13,678,29
2014/06/12,677,60
2014/06/11,679,76
2014/06/10,674,85
2014/06/09,673,52
2014/06/06,672,78
2014/06/05,673,45
2014/06/04,670,89
2014/06/03,669,66
2014/06/02,667,30
2014/05/30,663,43
2014/05/29,662,39
2014/05/28,661,11
2014/05/27,658,21
2014/05/26,657,61
2014/05/23,658,54
2014/05/22,655,40
2014/05/21,654,91
2014/05/20,653,34
2014/05/19,652,33
2014/05/16,650,31
2014/05/15,658,46
2014/05/14,657,46
2014/05/13,655,23
2014/05/12,656,80
2014/05/09,656,46
2014/05/08,659,48
2014/05/06,656,68
2014/05/05,656,35
2014/05/02,656,05
2014/04/30,653,69
2014/04/29,653,29
2014/04/25,657,56
2014/04/24,658,34
2014/04/23,657,95
2014/04/22,654,14
2014/04/17,650,32
2014/04/16,644,69
2014/04/15,642,08
2014/04/14,646,18
2014/04/11,644,94
2014/04/10,646,71
2014/04/09,648,60
2014/04/08,646,85
2014/04/07,647,45
2014/04/04,648,84
2014/04/03,649,40
2014/04/02,649,81
2014/04/01,645,21
2014/03/31,641,88
2014/03/28,638,40
2014/03/27,636,08
2014/03/26,640,47
2014/03/25,636,41
2014/03/24,630,86
2014/03/20,627,38
2014/03/19,630,32
2014/03/18,627,54
2014/03/17,625,83
2014/03/14,621,59
2014/03/13,627,56
2014/03/12,630,74
2014/03/11,630,73
2014/03/10,631,04
2014/03/07,635,44
2014/03/06,634,88
2014/03/05,631,12
2014/03/04,628,34
2014/03/03,625,05
2014/02/28,629,62
2014/02/27,623,85
2014/02/26,625,71
2014/02/25,629,70
2014/02/24,633,75
2014/02/21,631,63
2014/02/20,629,73
2014/02/19,633,31
2014/02/18,630,78
2014/02/17,633,15
2014/02/14,628,76
2014/02/13,624,15
2014/02/12,626,11
2014/02/11,622,65
2014/02/10,620,11
2014/02/07,615,28
2014/02/06,609,97
2014/02/05,608,25
2014/02/04,609,10
2014/02/03,615,83
2014/01/31,618,21
2014/01/30,620,87
2014/01/29,628,06
2014/01/28,622,19
2014/01/27,624,17
2014/01/24,629,32
2014/01/23,636,28
2014/01/22,628,98
2014/01/21,627,73
2014/01/20,626,65
2014/01/17,628,30
2014/01/16,623,75
2014/01/15,618,30
2014/01/14,611,58
2014/01/13,611,68
2014/01/10,607,80
2014/01/09,607,74
2014/01/08,610,85
2014/01/07,612,08
2014/01/06,609,62
2014/01/03,612,13
2014/01/02,613,45
2013/12/31,612,87
2013/12/30,611,04
2013/12/27,604,55
2013/12/24,595,15
2013/12/23,594,08
2013/12/20,590,72
2013/12/19,588,44
2013/12/18,586,97
2013/12/17,589,94
2013/12/13,583,54
2013/12/12,589,22
2013/12/11,596,23
2013/12/10,595,63
2013/12/09,594,65
2013/12/06,596,11
2013/12/05,594,09
2013/12/04,590,16
2013/12/03,588,20
2013/12/02,594,66
2013/11/29,596,91
2013/11/28,593,79
2013/11/27,588,53
2013/11/26,586,51
2013/11/25,590,64
2013/11/22,589,62
2013/11/21,594,39
2013/11/20,598,00
2013/11/19,597,69
2013/11/18,599,64
2013/11/15,603,46
2013/11/14,599,93
2013/11/13,599,50
2013/11/12,603,28
2013/11/11,607,71
2013/11/08,605,53
2013/11/07,611,81
2013/11/06,609,98
2013/11/05,607,30
2013/11/04,603,75
2013/11/01,604,44
2013/10/31,604,46
2013/10/30,605,43
2013/10/29,604,74
2013/10/28,601,91
2013/10/25,598,37
2013/10/24,600,42
2013/10/23,601,56
2013/10/22,603,10
2013/10/21,602,09
2013/10/18,599,82
2013/10/17,598,78
2013/10/16,600,78
2013/10/15,598,94
2013/10/14,592,32
2013/10/11,589,58
2013/10/10,587,68
2013/10/09,582,36
2013/10/08,586,19
2013/10/07,586,80
2013/10/04,588,22
2013/10/03,589,23
2013/10/02,586,16
2013/10/01,589,54
2013/09/30,590,53
2013/09/27,591,54
2013/09/26,592,55
2013/09/25,591,29
2013/09/23,587,32
2013/09/20,588,56
2013/09/19,589,84
2013/09/18,580,84
2013/09/17,583,20
2013/09/16,581,33
2013/09/13,581,38
2013/09/12,584,02
2013/09/11,581,39
2013/09/10,577,15
2013/09/09,572,60
2013/09/06,573,95
2013/09/05,572,16
2013/09/04,569,99
2013/09/03,573,87
2013/09/02,570,61
2013/08/30,566,61
2013/08/29,570,07
2013/08/28,570,95
2013/08/27,575,04
2013/08/26,577,01
2013/08/23,573,10
2013/08/22,569,98
2013/08/21,567,47
2013/08/20,565,76
2013/08/19,565,94
2013/08/16,567,78
2013/08/15,563,11
2013/08/14,567,50
2013/08/13,562,41
2013/08/12,557,13
2013/08/08,550,64
2013/08/07,546,06
2013/08/06,546,49
2013/08/05,550,26
2013/08/02,548,35
2013/08/01,546,32
2013/07/31,540,87
2013/07/30,538,40
2013/07/29,535,74
2013/07/26,530,46
2013/07/25,529,24
2013/07/24,533,31
2013/07/23,531,56
2013/07/22,528,37
2013/07/19,527,47
2013/07/18,528,65
2013/07/17,526,83
2013/07/16,523,69
2013/07/15,526,22
2013/07/12,524,63
2013/07/11,521,61
2013/07/10,514,06
2013/07/09,519,18
2013/07/08,512,67
2013/07/05,515,53
2013/07/04,518,76
2013/07/03,513,22
2013/07/02,518,60
2013/07/01,518,83
2013/06/28,514,60
2013/06/27,507,19
2013/06/26,505,67
2013/06/25,507,15
2013/06/24,508,60
2013/06/21,515,71
2013/06/20,519,50
2013/06/19,527,22
2013/06/18,530,28
2013/06/14,524,05
2013/06/13,517,80
2013/06/12,518,50
2013/06/11,520,91
2013/06/10,527,84
2013/06/07,526,49
2013/06/06,521,52
2013/06/05,521,68
2013/06/04,526,41
2013/06/03,528,89
2013/05/31,537,62
2013/05/30,526,02
2013/05/29,522,11
2013/05/28,521,47
2013/05/27,515,94
2013/05/24,514,86
2013/05/23,515,34
2013/05/22,520,79
2013/05/21,517,18
2013/05/20,510,83
2013/05/17,516,34
2013/05/16,513,39
2013/05/15,509,90
2013/05/14,507,63
2013/05/13,508,98
2013/05/10,509,88
2013/05/09,514,50
2013/05/08,512,09
2013/05/07,507,83
2013/05/06,503,44
2013/05/03,500,46
2013/05/02,498,78
2013/04/30,497,30
2013/04/29,500,12
2013/04/26,501,65
2013/04/25,502,93
2013/04/24,498,73
2013/04/23,496,73
2013/04/22,496,66
2013/04/19,496,20
2013/04/18,489,47
2013/04/17,490,12
2013/04/16,498,47
2013/04/15,492,49
2013/04/12,503,76
2013/04/11,506,49
2013/04/10,509,04
2013/04/09,500,75
2013/04/08,500,93
2013/04/05,502,14
2013/04/04,509,21
2013/04/03,513,64
2013/04/02,517,70
2013/03/28,518,12
2013/03/27,518,01
2013/03/26,522,93
2013/03/25,519,82
2013/03/22,520,52
2013/03/20,519,79
2013/03/19,520,95
2013/03/18,520,58
2013/03/15,529,14
2013/03/14,526,33
2013/03/13,525,97
2013/03/12,526,33
2013/03/11,527,34
2013/03/08,526,84
2013/03/07,524,33
2013/03/06,521,84
2013/03/05,522,73
2013/03/04,520,80
2013/03/01,522,76
2013/02/28,519,25
2013/02/27,515,26
2013/02/26,518,18
2013/02/25,521,97
2013/02/22,518,21
2013/02/21,518,87
2013/02/20,527,77
2013/02/19,530,25
2013/02/18,529,60
2013/02/15,534,58
2013/02/14,533,69
2013/02/13,534,28
2013/02/12,533,37
2013/02/11,535,27
2013/02/08,534,02
2013/02/07,532,16
2013/02/06,530,50
2013/02/05,528,89
2013/02/04,528,82
2013/02/01,528,50
2013/01/31,525,53
2013/01/30,520,26
2013/01/29,520,60
2013/01/28,520,43
2013/01/25,519,82
2013/01/24,518,70
2013/01/23,515,18
2013/01/22,513,51
2013/01/21,515,96
2013/01/18,513,33
2013/01/17,510,73
2013/01/16,509,35
2013/01/15,512,31
2013/01/14,510,68
2013/01/11,508,30
2013/01/10,506,40
2013/01/09,506,69
2013/01/08,506,91
2013/01/07,506,86
2013/01/04,506,12
2013/01/03,504,15
2013/01/02,500,01
2012/12/31,497,89
2012/12/28,497,03
2012/12/27,500,13
2012/12/24,497,14
2012/12/21,496,35
2012/12/20,495,45
2012/12/19,494,06
2012/12/18,491,62
2012/12/14,488,44
2012/12/13,489,51
2012/12/12,488,89
2012/12/11,483,03
2012/12/10,480,81
2012/12/07,478,26
2012/12/06,481,69
2012/12/05,478,12
2012/12/04,473,29
2012/12/03,474,19
2012/11/30,473,60
2012/11/29,473,73
2012/11/28,470,30
2012/11/27,475,73
2012/11/26,476,35
2012/11/23,477,25
2012/11/22,479,71
2012/11/21,476,61
2012/11/20,476,47
2012/11/19,473,55
2012/11/16,469,96
2012/11/15,466,69
2012/11/14,470,80
2012/11/13,472,44
2012/11/12,475,35
2012/11/09,475,48
2012/11/08,478,81
2012/11/07,478,35
2012/11/06,479,95
2012/11/05,477,70
2012/11/02,479,81
2012/11/01,475,13
2012/10/31,476,58
2012/10/30,474,12
2012/10/29,469,04
2012/10/26,473,29
2012/10/25,474,97
2012/10/24,473,29
2012/10/23,470,39
2012/10/22,474,37
2012/10/19,474,05
2012/10/18,471,59
2012/10/17,478,96
2012/10/16,473,90
2012/10/15,471,99
2012/10/12,472,76
2012/10/11,471,91
2012/10/10,472,35
2012/10/09,471,59
2012/10/08,472,70
2012/10/05,475,16
2012/10/04,470,81
2012/10/03,469,91
2012/10/02,472,56
2012/10/01,468,98
2012/09/28,467,39
2012/09/27,464,93
2012/09/26,463,87
2012/09/25,469,09
2012/09/21,472,18
2012/09/20,475,01
2012/09/19,479,64
2012/09/18,476,66
2012/09/17,477,43
2012/09/14,472,89
2012/09/13,466,19
2012/09/12,466,04
2012/09/11,462,84
2012/09/10,466,51
2012/09/07,464,04
2012/09/06,457,51
2012/09/05,454,43
2012/09/04,458,78
2012/09/03,459,90
2012/08/31,459,23
2012/08/30,459,07
2012/08/29,462,63
2012/08/28,462,43
2012/08/27,462,95
2012/08/24,459,89
2012/08/23,460,55
2012/08/22,458,66
2012/08/21,461,56
2012/08/20,457,66
2012/08/17,459,53
2012/08/16,461,35
2012/08/15,458,53
2012/08/14,459,72
2012/08/13,461,50
2012/08/10,461,02
2012/08/08,463,39
2012/08/07,461,49
2012/08/06,460,56
2012/08/03,458,80
2012/08/02,456,13
2012/08/01,454,40
2012/07/31,450,27
2012/07/30,452,69
2012/07/27,453,12
2012/07/26,449,97
2012/07/25,451,97
2012/07/24,449,48
2012/07/23,447,98
2012/07/20,455,41
2012/07/19,455,70
2012/07/18,449,93
2012/07/17,450,60
2012/07/16,449,66
2012/07/13,448,46
2012/07/12,447,57
2012/07/11,449,48
2012/07/10,452,14
2012/07/09,450,77
2012/07/06,453,71
2012/07/05,453,92
2012/07/04,453,05
2012/07/03,452,35
2012/07/02,450,69
2012/06/29,453,75
2012/06/28,450,44
2012/06/27,453,09
2012/06/26,456,11
2012/06/25,457,30
2012/06/22,458,43
2012/06/21,464,17
2012/06/20,465,11
2012/06/19,461,36
2012/06/18,458,12
2012/06/15,453,70
2012/06/14,451,21
2012/06/13,451,46
2012/06/12,449,62
2012/06/11,452,86
2012/06/08,452,54
2012/06/07,456,73
2012/06/06,449,45
2012/06/05,447,73
2012/06/04,446,49
2012/06/01,445,57
2012/05/31,448,66
2012/05/30,447,23
2012/05/29,449,24
2012/05/28,447,80
2012/05/25,443,41
2012/05/24,447,19
2012/05/23,449,20
2012/05/22,451,62
2012/05/21,449,77
2012/05/18,452,05
2012/05/17,457,30
2012/05/16,457,37
2012/05/15,455,30
2012/05/14,457,93
2012/05/11,461,34
2012/05/10,462,95
2012/05/09,458,84
2012/05/08,463,68
2012/05/07,463,98
2012/05/03,468,17
2012/05/02,467,60
2012/04/30,467,53
2012/04/26,462,38
2012/04/25,462,32
2012/04/24,461,42
2012/04/23,460,84
2012/04/20,463,76
2012/04/19,463,64
2012/04/18,462,43
2012/04/17,461,05
2012/04/16,459,61
2012/04/13,460,68
2012/04/12,459,02
2012/04/11,459,80
2012/04/10,459,96
2012/04/05,458,50
2012/04/04,459,81
2012/04/03,463,79
2012/04/02,460,46
2012/03/30,461,17
2012/03/29,460,90
2012/03/28,464,24
2012/03/27,467,20
2012/03/26,464,72
2012/03/23,460,08
2012/03/22,461,45
2012/03/20,464,57
2012/03/19,464,06
2012/03/16,466,71
2012/03/15,465,98
2012/03/14,465,93
2012/03/13,463,28
2012/03/12,460,69
2012/03/09,459,44
2012/03/08,458,44
2012/03/07,455,74
2012/03/06,455,78
2012/03/05,460,19
2012/03/02,460,23
2012/03/01,459,84
2012/02/29,460,59
2012/02/28,459,49
2012/02/27,455,58
2012/02/24,457,13
2012/02/23,455,72
2012/02/22,454,92
2012/02/21,454,24
2012/02/20,455,13
2012/02/17,453,19
2012/02/16,450,28
2012/02/15,454,59
2012/02/14,453,65
2012/02/13,452,58
2012/02/10,448,60
2012/02/09,450,55
2012/02/08,450,81
2012/02/07,449,17
2012/02/06,449,81
2012/02/03,451,87
2012/02/02,454,02
2012/02/01,450,02
2012/01/31,449,07
2012/01/30,445,84
2012/01/27,450,43
2012/01/26,451,65
2012/01/25,446,54
2012/01/24,446,16
2012/01/23,450,19
2012/01/20,447,52
2012/01/19,447,20
2012/01/18,444,60
2012/01/17,443,16
2012/01/16,437,67
2012/01/13,437,91
2012/01/12,438,06
2012/01/11,438,28
2012/01/10,438,62
2012/01/09,436,48
2012/01/06,437,52
2012/01/05,435,83
2012/01/04,439,03
2012/01/03,436,41
2011/12/30,437,03
2011/12/29,435,41
2011/12/28,437,08
2011/12/23,435,10
2011/12/22,432,50
2011/12/21,430,51
2011/12/20,429,97
2011/12/19,429,63
2011/12/15,431,63
2011/12/14,433,04
2011/12/13,436,52
2011/12/12,438,50
2011/12/09,439,63
2011/12/08,441,54
2011/12/07,441,98
2011/12/06,441,12
2011/12/05,440,36
2011/12/02,436,87
2011/12/01,436,17
2011/11/30,438,57
2011/11/29,426,24
2011/11/28,428,10
2011/11/25,421,44
2011/11/24,425,56
2011/11/23,423,25
2011/11/22,426,30
2011/11/21,426,00
2011/11/18,430,77
2011/11/17,432,66
2011/11/16,433,75
2011/11/15,431,35
2011/11/14,431,58
2011/11/11,429,29
2011/11/10,430,58
2011/11/09,430,45
2011/11/08,435,11
2011/11/07,430,58
2011/11/04,430,46
2011/11/03,432,79
2011/11/02,429,77
2011/11/01,424,88
2011/10/31,430,63
2011/10/28,433,51
2011/10/27,432,01
2011/10/26,428,09
2011/10/25,426,87
2011/10/24,425,10
2011/10/21,421,56
2011/10/20,420,15
2011/10/19,423,64
2011/10/18,420,38
2011/10/17,422,06
2011/10/14,423,05
2011/10/13,422,40
2011/10/12,424,07
2011/10/11,419,78
2011/10/10,419,07
2011/10/07,414,58
2011/10/06,412,11
2011/10/05,404,64
2011/10/04,406,60
2011/10/03,407,80
2011/09/30,410,42
2011/09/29,411,27
2011/09/28,417,36
2011/09/27,415,52
2011/09/26,412,06
2011/09/23,411,92
2011/09/22,415,82
2011/09/21,426,99
2011/09/20,422,32
2011/09/19,421,58
2011/09/16,421,18
2011/09/15,419,23
2011/09/14,415,50
2011/09/13,411,68
2011/09/12,408,11
2011/09/09,416,73
2011/09/08,413,48
2011/09/07,411,91
2011/09/06,405,78
2011/09/05,411,34
2011/09/02,413,36
2011/09/01,418,25
2011/08/31,418,15
2011/08/30,410,70
2011/08/29,409,62
2011/08/26,399,01
2011/08/25,404,37
2011/08/24,403,88
2011/08/23,399,94
2011/08/22,403,75
2011/08/19,399,17
2011/08/18,405,28
2011/08/17,407,19
2011/08/16,407,63
2011/08/15,408,19
2011/08/12,407,34
2011/08/11,398,24
2011/08/10,395,98
2011/08/08,395,71
2011/08/05,400,63
2011/08/04,408,71
2011/08/03,416,09
2011/08/02,416,66
2011/08/01,420,30
2011/07/29,419,31
2011/07/28,420,08
2011/07/27,423,65
2011/07/26,424,64
2011/07/25,425,02
2011/07/22,425,24
2011/07/21,423,57
2011/07/20,426,93
2011/07/19,427,25
2011/07/18,426,04
2011/07/15,429,31
2011/07/14,429,59
2011/07/13,425,72
2011/07/12,424,90
2011/07/11,425,55
2011/07/08,425,02
2011/07/07,429,79
2011/07/06,427,88
2011/07/05,427,93
2011/07/04,426,30
2011/07/01,422,79
2011/06/30,426,75
2011/06/29,423,40
2011/06/28,420,05
2011/06/27,416,60
2011/06/24,417,68
2011/06/23,414,28
2011/06/22,419,55
2011/06/21,421,51
2011/06/20,416,38
2011/06/17,418,07
2011/06/15,422,27
2011/06/14,423,77
2011/06/13,424,79
2011/06/10,429,08
2011/06/09,429,46
2011/06/08,428,61
2011/06/07,428,98
2011/06/06,428,27
2011/06/03,428,62
2011/06/02,433,24
2011/06/01,434,87
2011/05/31,437,61
2011/05/30,433,52
2011/05/27,433,01
2011/05/26,429,80
2011/05/25,425,79
2011/05/24,425,58
2011/05/23,421,97
2011/05/20,430,84
2011/05/19,429,61
2011/05/17,427,69
2011/05/16,426,22
2011/05/13,429,38
2011/05/12,425,41
2011/05/11,430,30
2011/05/10,428,24
2011/05/09,424,14
2011/05/06,425,89
2011/05/05,423,05
2011/05/04,428,08
2011/05/03,432,67
2011/04/29,435,49
2011/04/28,430,58
2011/04/26,431,46
2011/04/21,430,38
2011/04/20,426,75
2011/04/19,420,27
2011/04/18,420,43
2011/04/15,424,36
2011/04/14,423,35
2011/04/13,427,62
2011/04/12,427,35
2011/04/11,430,42
2011/04/08,432,63
2011/04/07,433,71
2011/04/06,434,46
2011/04/05,431,73
2011/04/04,431,07
2011/04/01,428,66
2011/03/31,428,29
2011/03/30,426,49
2011/03/29,421,18
2011/03/28,417,58
2011/03/25,416,94
2011/03/24,416,76
2011/03/23,414,54
2011/03/22,409,75
2011/03/18,408,36
2011/03/17,408,11
2011/03/16,406,47
2011/03/15,404,40
2011/03/14,411,65
2011/03/11,412,89
2011/03/10,413,85
2011/03/09,419,36
2011/03/08,418,64
2011/03/07,421,22
2011/03/04,420,98
2011/03/03,418,97
2011/03/02,417,02
2011/03/01,419,74
2011/02/28,420,97
2011/02/25,414,70
2011/02/24,413,44
2011/02/23,419,69
2011/02/22,422,96
2011/02/21,425,37
2011/02/18,423,14
2011/02/17,424,79
2011/02/16,424,01
2011/02/15,426,12
2011/02/14,425,17
2011/02/11,422,89
2011/02/10,420,44
2011/02/09,420,40
2011/02/08,421,90
2011/02/07,424,52
2011/02/04,425,72
2011/02/03,422,29
2011/02/02,421,34
2011/02/01,417,47
2011/01/31,414,98
2011/01/28,418,11
2011/01/27,420,87
2011/01/26,418,56
2011/01/25,418,18
2011/01/24,419,88
2011/01/21,421,74
2011/01/20,420,09
2011/01/19,424,78
2011/01/18,425,35
2011/01/17,426,25
2011/01/14,425,84
2011/01/13,424,46
2011/01/12,424,93
2011/01/11,420,64
2011/01/10,418,15
2011/01/07,419,26
2011/01/06,423,18
2011/01/05,421,70
2011/01/04,423,65
2011/01/03,420,44
2010/12/31,423,68
2010/12/30,423,08
2010/12/29,421,14
2010/12/28,422,29
2010/12/24,421,92
2010/12/23,421,79
2010/12/22,421,45
2010/12/21,418,95
2010/12/20,416,94
2010/12/17,416,50
2010/12/15,413,14
2010/12/14,413,38
2010/12/13,412,33
2010/12/10,411,66
2010/12/09,412,58
2010/12/08,412,63
2010/12/07,412,94
2010/12/06,411,40
2010/12/03,409,08
2010/12/02,407,15
2010/12/01,403,85
2010/11/30,400,65
2010/11/29,406,24
2010/11/26,407,35
2010/11/25,409,24
2010/11/24,405,98
2010/11/23,406,62
2010/11/22,411,28
2010/11/19,411,40
2010/11/18,413,35
2010/11/17,412,13
2010/11/16,413,23
2010/11/15,415,95
2010/11/12,413,68
2010/11/11,412,66
2010/11/10,415,63
2010/11/09,415,52
2010/11/08,411,69
2010/11/05,409,67
2010/11/04,410,58
2010/11/03,408,67
2010/11/02,405,10
2010/11/01,403,04
2010/10/29,402,99
2010/10/28,400,67
2010/10/27,400,95
2010/10/26,399,87
2010/10/25,402,23
2010/10/22,404,07
2010/10/21,406,18
2010/10/20,402,83
2010/10/19,405,07
2010/10/18,405,10
2010/10/15,404,68
2010/10/14,404,53
2010/10/13,405,38
2010/10/12,400,67
2010/10/11,400,08
2010/10/08,396,76
2010/10/07,399,90
2010/10/06,399,81
2010/10/05,397,71
2010/10/04,396,54
2010/10/01,395,11
2010/09/30,398,00
2010/09/29,394,15
2010/09/28,393,00
2010/09/27,391,80
2010/09/23,386,93
2010/09/22,386,80
2010/09/21,389,10
2010/09/20,387,57
2010/09/17,384,76
2010/09/16,384,29
2010/09/15,383,71
2010/09/14,384,62
2010/09/13,384,30
2010/09/10,379,28
2010/09/09,380,12
2010/09/08,375,60
2010/09/07,376,17
2010/09/06,380,08
2010/09/03,378,28
2010/09/02,379,89
2010/09/01,378,36
2010/08/31,375,57
2010/08/30,372,97
2010/08/27,370,89
2010/08/26,370,80
2010/08/25,368,60
2010/08/24,372,03
2010/08/23,375,08
2010/08/20,371,47
2010/08/19,378,05
2010/08/18,379,34
2010/08/17,380,24
2010/08/16,377,95
2010/08/13,377,37
2010/08/12,374,29
2010/08/11,380,40
2010/08/10,382,77
2010/08/06,386,08
2010/08/05,385,79
2010/08/04,385,37
2010/08/03,389,69
2010/08/02,389,80
2010/07/30,385,53
2010/07/29,386,63
2010/07/28,384,00
2010/07/27,384,32
2010/07/26,384,02
2010/07/23,382,21
2010/07/22,380,04
2010/07/21,377,20
2010/07/20,370,26
2010/07/19,372,80
2010/07/16,375,64
2010/07/15,373,38
2010/07/14,370,42
2010/07/13,370,46
2010/07/12,367,93
2010/07/09,366,04
2010/07/08,364,56
2010/07/07,361,93
2010/07/06,361,71
2010/07/05,358,66
2010/07/02,355,57
2010/07/01,356,36
2010/06/30,357,22
2010/06/29,360,72
2010/06/28,361,48
2010/06/25,363,99
2010/06/24,366,38
2010/06/23,366,13
2010/06/22,366,93
2010/06/21,369,56
2010/06/18,366,79
2010/06/17,370,44
2010/06/15,365,53
2010/06/14,363,96
2010/06/11,358,71
2010/06/10,358,65
2010/06/09,356,53
2010/06/08,356,24
2010/06/07,359,67
2010/06/04,359,12
2010/06/03,366,51
2010/06/02,363,62
2010/06/01,360,00
2010/05/31,364,01
2010/05/28,363,16
2010/05/27,362,30
2010/05/26,359,66
2010/05/25,351,90
2010/05/24,359,25
2010/05/21,353,58
2010/05/20,361,34
2010/05/19,365,90
2010/05/18,366,28
2010/05/17,364,84
2010/05/14,367,99
2010/05/13,371,42
2010/05/12,370,32
2010/05/11,368,17
2010/05/10,365,21
2010/05/07,362,41
2010/05/06,368,22
2010/05/05,368,98
2010/05/04,375,79
2010/05/03,373,03
2010/04/30,373,44
2010/04/29,370,42
2010/04/28,370,38
2010/04/26,376,30
2010/04/23,374,05
2010/04/22,372,75
2010/04/21,374,19
2010/04/20,372,87
2010/04/19,368,61
2010/04/16,372,29
2010/04/15,373,45
2010/04/14,373,40
2010/04/13,372,37
2010/04/12,371,77
2010/04/09,372,35
2010/04/08,371,73
2010/04/07,373,49
2010/04/06,371,90
2010/04/01,367,98
2010/03/31,369,24
2010/03/30,367,54
2010/03/29,368,86
2010/03/26,368,30
2010/03/25,368,75
2010/03/24,369,11
2010/03/23,369,48
2010/03/19,369,92
2010/03/18,368,90
2010/03/17,368,68
2010/03/16,364,15
2010/03/15,362,34
2010/03/12,362,53
2010/03/11,361,71
2010/03/10,362,68
2010/03/09,362,39
2010/03/08,362,74
2010/03/05,360,86
2010/03/04,359,60
2010/03/03,359,49
2010/03/02,357,38
2010/03/01,354,77
2010/02/26,353,55
2010/02/25,351,73
2010/02/24,350,38
2010/02/23,352,31
2010/02/22,353,67
2010/02/19,352,53
2010/02/18,352,71
2010/02/17,351,92
2010/02/16,349,17
2010/02/15,347,88,`
2010/02/12,346,76
2010/02/11,345,43
2010/02/10,346,32
2010/02/09,342,84
2010/02/08,339,67
2010/02/05,338,74
2010/02/04,347,46
2010/02/03,349,34
2010/02/02,345,33
2010/02/01,345,06
2010/01/29,347,05
2010/01/28,347,41
2010/01/27,346,72
2010/01/26,347,66
2010/01/25,352,72
2010/01/22,351,61
2010/01/21,356,70
2010/01/20,357,66
2010/01/19,355,37
2010/01/18,354,56
2010/01/15,353,42
2010/01/14,355,15
2010/01/13,353,51
2010/01/12,351,50
2010/01/11,354,11
2010/01/08,352,39
2010/01/07,348,45
2010/01/06,348,65
2010/01/05,347,20
2010/01/04,346,05
2009/12/31,347,13
2009/12/30,344,63
2009/12/29,344,44
2009/12/28,346,11
2009/12/24,345,26
2009/12/23,344,20
2009/12/22,343,57
2009/12/21,340,02
2009/12/18,340,40
2009/12/17,341,29
2009/12/15,339,61
2009/12/14,340,51
2009/12/11,341,34
2009/12/10,336,98
2009/12/09,337,12
2009/12/08,337,48
2009/12/07,338,39
2009/12/04,339,77
2009/12/03,339,11
2009/12/02,339,45
2009/12/01,340,59
2009/11/30,338,17
2009/11/27,334,21
2009/11/26,338,93
2009/11/25,341,11
2009/11/24,339,80
2009/11/23,339,31
2009/11/20,337,24
2009/11/19,339,49
2009/11/18,341,82
2009/11/17,340,46
2009/11/16,340,55
2009/11/13,339,73
2009/11/12,337,41
2009/11/11,337,16
2009/11/10,337,27
2009/11/09,335,37
2009/11/06,335,42
2009/11/05,333,37
2009/11/04,332,08
2009/11/03,333,32
2009/11/02,338,01
2009/10/30,338,81
2009/10/29,337,39
2009/10/28,334,85
2009/10/27,337,19
2009/10/26,340,15
2009/10/23,342,23
2009/10/22,338,05
2009/10/21,336,02
2009/10/20,335,73
2009/10/19,336,76
2009/10/16,334,58
2009/10/15,334,19
2009/10/14,335,41
2009/10/13,330,17
2009/10/12,328,71
2009/10/09,325,27
2009/10/08,327,37
2009/10/07,324,18
2009/10/06,321,97
2009/10/05,321,52
2009/10/02,321,43
2009/10/01,324,88
2009/09/30,321,60
2009/09/29,321,07
2009/09/28,318,04
2009/09/25,320,06
2009/09/23,322,30
2009/09/22,323,62
2009/09/21,321,67
2009/09/18,324,43
2009/09/17,325,50
2009/09/16,320,47
2009/09/15,317,87
2009/09/14,316,61
2009/09/11,321,60
2009/09/10,320,64
2009/09/09,319,72
2009/09/08,319,61
2009/09/07,319,12
2009/09/04,316,92
2009/09/03,315,95
2009/09/02,315,35
2009/09/01,319,15
2009/08/31,320,12
2009/08/28,321,46
2009/08/27,319,73
2009/08/26,317,87
2009/08/25,317,61
2009/08/24,315,77
2009/08/21,311,75
2009/08/20,307,84
2009/08/19,305,44
2009/08/18,306,68
2009/08/17,305,40
2009/08/14,309,55
2009/08/13,307,66
2009/08/12,306,37
2009/08/11,310,72
2009/08/07,311,65
2009/08/06,312,14
2009/08/05,311,41
2009/08/04,308,50
2009/08/03,309,62
2009/07/31,305,87
2009/07/30,300,21
2009/07/29,297,69
2009/07/28,300,61
2009/07/27,301,86
2009/07/24,303,34
2009/07/23,300,10
2009/07/22,298,97
2009/07/21,303,39
2009/07/20,300,94
2009/07/17,298,39
2009/07/16,297,69
2009/07/15,296,20
2009/07/14,291,83
2009/07/13,286,47
2009/07/10,285,28
2009/07/09,286,20
2009/07/08,282,50
2009/07/07,283,27
2009/07/06,279,97
2009/07/03,281,91
2009/07/02,280,84
2009/07/01,281,49
2009/06/30,277,32
2009/06/29,278,61
2009/06/26,276,88
2009/06/25,274,76
2009/06/24,272,36
2009/06/23,270,32
2009/06/22,275,06
2009/06/19,277,54
2009/06/18,277,25
2009/06/17,279,46
2009/06/15,282,03
2009/06/12,284,14
2009/06/11,283,01
2009/06/10,285,15
2009/06/09,280,77
2009/06/08,280,20
2009/06/05,281,87
2009/06/04,276,68
2009/06/03,277,43
2009/06/02,278,14
2009/06/01,276,23
2009/05/29,271,74
2009/05/28,269,26
2009/05/27,270,73
2009/05/26,266,24
2009/05/25,271,28
2009/05/22,269,18
2009/05/21,267,04
2009/05/20,272,30
2009/05/19,271,04
2009/05/18,264,69
2009/05/15,263,75
2009/05/14,257,24
2009/05/13,258,83
2009/05/12,262,65
2009/05/11,263,08
2009/05/08,260,93
2009/05/07,263,54
2009/05/06,263,98
2009/05/05,262,17
2009/05/04,261,72
2009/04/30,254,67
2009/04/29,252,03
2009/04/28,248,04
2009/04/24,250,20
2009/04/23,249,41
2009/04/21,243,79
2009/04/20,250,47
2009/04/17,254,97
2009/04/16,254,30
2009/04/15,255,84
2009/04/14,257,92
2009/04/09,252,06
2009/04/08,247,27
2009/04/07,247,23
2009/04/06,250,97
2009/04/03,252,26
2009/04/02,252,47
2009/04/01,242,40
2009/03/31,248,26
2009/03/30,242,17
2009/03/27,250,46
2009/03/26,252,66
2009/03/25,249,26
2009/03/24,249,99
2009/03/23,248,72
2009/03/20,243,38
2009/03/19,242,46
2009/03/18,235,46
2009/03/17,234,76
2009/03/16,238,66
2009/03/13,235,41
2009/03/12,228,67
2009/03/11,228,08
2009/03/10,218,81
2009/03/09,217,33
2009/03/06,218,65
2009/03/05,219,29
2009/03/04,220,30
2009/03/03,217,49
2009/03/02,221,73
2009/02/27,223,85
2009/02/26,230,63
2009/02/25,228,69
2009/02/24,225,33
2009/02/23,231,96
2009/02/20,227,86
2009/02/19,236,05
2009/02/18,233,98
2009/02/17,238,10
2009/02/16,241,79
2009/02/13,247,79
2009/02/12,247,89
2009/02/11,249,47
2009/02/10,253,57
2009/02/09,252,16
2009/02/06,247,52
2009/02/05,245,48
2009/02/04,242,57
2009/02/03,236,43